,CRIM,ZN,INDUS,CHAS,NOX,RM,AGE,DIS,RAD,PTRATIO,B,LSTAT,MEDV
329,-0.41519273405693985,-0.4896385167169952,-1.172049732038222,-0.2798513233382808,-0.8180071774672566,0.06890448968441007,-1.8720955971967836,0.6748137369282153,-0.6379617988442783,-0.7192203916303548,0.20323499982352017,-0.7672824730049851,0.007313190188997528
371,0.6583359716205974,-0.4896385167169952,1.0483323807661988,-0.2798513233382808,0.6591472633012564,-0.09778057541984496,1.1484420161787436,-1.2482921138742482,1.6612452539705709,0.8065758349537706,0.1038979131006699,-0.4546846045904924,2.989460074199074
219,-0.40968632335652966,-0.4896385167169952,-2.6542334805936147e-16,3.7203764161442034,-0.04055747179961793,0.12589083672859988,0.8711946023906519,-0.2052371496347807,-0.5230014462035358,-0.950401638082495,0.4064045601959725,-0.31622801447083115,0.05084818119644375
403,2.4820226501776226,-0.4896385167169952,1.0483323807661988,-0.2798513233382808,1.194723727205629,-1.332959647602658,1.0025223247113269,-0.9945876045247799,1.6612452539705709,0.8065758349537706,0.4410519326070325,1.0069602230644872,-1.5490627383272104
78,-0.41645542513012473,-0.4896385167169952,0.26088865704619213,-0.2798513233382808,-1.0166887689156532,-0.07498603660216903,-0.5405784125566054,0.5795022246093688,-0.5230014462035358,0.11303209559735014,0.3259261698487623,-0.053588709501577035,-0.145059278337065
15,-0.3495808226798978,-0.4896385167169952,-0.4398914310461855,-0.2798513233382808,-0.14421743255530314,-0.6420001896918579,-0.4384346285294138,0.3344494335851022,-0.6379617988442783,1.1764658292771952,0.42701755390888174,-0.6059876824532148,-0.28654799911126577
487,0.14334659749287432,-0.4896385167169952,1.0483323807661988,-0.2798513233382808,0.24450742027851546,-0.5408494236884203,-0.5588183739900325,-0.3055400379104748,1.6612452539705709,0.8065758349537706,0.34588130206019635,-0.18062619940518373,-0.21036176484823435
340,-0.4158639047294212,-0.4896385167169952,-0.8806806122556768,-0.2798513233382808,-0.3428990240036998,-0.45109592709382174,-0.3654747827957054,0.4835251954962758,-0.5230014462035358,0.8065758349537706,0.4410519326070325,-0.48894190523865605,-0.41715297213360486
310,-0.11436771348213964,-0.4896385167169952,-0.17691212293476022,-0.2798513233382808,-0.09238745217746054,-1.868631309818042,-1.1206091861395873,-0.6064011658236819,-0.6379617988442783,-0.025676652273934286,-0.0682425131188387,-0.010767083691372453,-0.700130413682006
102,-0.3962734518546372,-0.4896385167169952,-0.3771350052468681,-0.2798513233382808,-0.299707373688831,0.1714799143639517,0.6158351423226727,-0.5135615730263214,-0.5230014462035358,1.1302295799867665,-3.1344253279141,-0.29767197661974243,-0.4280367198854662
418,8.190182803691076,-0.4896385167169952,1.0483323807661988,-0.2798513233382808,1.0737871063239972,-0.4667671725309741,1.1484420161787436,-0.9471457644777929,1.6612452539705709,0.8065758349537706,-3.7303382046676226,1.1282881628600667,-1.4946439995679024
411,1.2227284268185608,-0.4896385167169952,1.0483323807661988,-0.2798513233382808,0.3654440411601482,0.5304939007423468,1.1484420161787436,-1.0779198145471929,1.6612452539705709,0.8065758349537706,-3.5264011392101153,1.2139314144804756,-0.5804091884115288
446,0.31347020739025144,-0.4896385167169952,1.0483323807661988,-0.2798513233382808,1.6007252401653962,0.08030175909324803,1.0171142938580688,-0.8190813184992528,1.6612452539705709,0.8065758349537706,-0.4239262982501038,0.7243374927171377,-0.8307353867043452
386,2.4342442003861464,-0.4896385167169952,1.0483323807661988,-0.2798513233382808,1.2551920376464454,-2.3259467448476645,1.1484420161787436,-1.106584573613659,1.6612452539705709,0.8065758349537706,0.4410519326070325,2.221667008547288,-1.3096202877862555
162,-0.2082742125807531,-0.4896385167169952,1.2694740716780788,3.7203764161442034,0.4345506816639384,2.161728084882278,1.0827781550184061,-0.8339603725420452,-0.5230014462035358,-1.7364178760197713,0.36112176017771963,-1.5409265126426794,2.989460074199074
299,-0.4165549879698471,2.5673448451314496,-1.3214697934651682,-0.2798513233382808,-1.3363069812456823,1.077562832366569,-2.134751041838134,1.9170483703028287,-0.5230014462035358,-1.6901816267293426,0.16343437898423255,-1.1384032300267573,0.7038730463081393
480,0.25911358221194186,-0.4896385167169952,1.0483323807661988,-0.2798513233382808,-0.19604741293314576,-0.0607394498411219,-0.1392992610212093,-0.17628716908506634,1.6612452539705709,0.8065758349537706,0.4410519326070325,-0.28197071382266753,0.05084818119644375
196,-5.20173915561598e-17,3.0040567539669416,-1.4290522376925696,-0.2798513233382808,-1.3017536609937872,1.4280288666883354,-1.2555849007469477,1.670426861120696,-0.8678825041257632,-2.70737911111876,0.4410519326070325,-1.232610806809207,1.1718741996381876
175,-0.41526301370850854,-0.4896385167169952,-1.0510194822823957,-0.2798513233382808,-0.3860906743185687,0.37235678769472064,-1.292064823613802,-0.31504742068542213,-0.5230014462035358,-0.8579291395016376,0.3759236439609254,-1.0541873659333552,0.7474080373155856
37,-0.4136817215482121,-0.4896385167169952,-0.7656271649569283,-0.2798513233382808,-0.4811123050112801,-0.619205650874182,-0.9856334715322267,0.06615109167608976,-0.5230014462035358,0.34421334204949033,0.4410519326070325,-0.5631660566430104,-0.16682677384078812
320,-0.40343729100454323,-0.4896385167169952,-0.5534506777306647,-0.2798513233382808,-0.5329422853891227,0.2013977465621512,-0.5916503045702015,0.35431986358474216,-0.5230014462035358,0.5291583392112035,0.4410519326070325,-0.7872658983830805,0.13791816321133657
171,-0.15203526406792767,-0.4896385167169952,1.2694740716780788,-0.2798513233382808,0.4345506816639384,-0.5764658905910394,1.0499462244382372,-0.6685319122579624,-0.5230014462035358,-1.7364178760197713,-0.09367982450923736,-0.0978377228387884,-0.37361798112615824
107,-0.40770443718229143,-0.4896385167169952,-0.3771350052468681,-0.2798513233382808,-0.299707373688831,-0.22457519759316774,0.6085391577493017,-0.7951227139063857,-0.5230014462035358,1.1302295799867665,0.3400701921304929,0.19620410772461577,-0.23212926035195783
278,-0.41372388933915333,1.2572091186249732,-0.6983881373148025,-0.2798513233382808,-0.9303054682859156,0.2811786324240169,-1.3285447464806561,0.1641246711719215,-0.6379617988442783,-0.39556664659735724,0.4410519326070325,-0.7886932859100872,0.7147567940600011
45,-0.40298984388955567,-0.4896385167169952,-0.6236781066013294,-0.2798513233382808,-0.9216671382229419,-0.8585483084597779,-1.266528877607004,0.6205265812832662,-0.7529221514850207,-0.25685789872607445,0.4410519326070325,-0.3576222527540287,-0.35185048562243515
367,1.1608237670617694,-0.4896385167169952,1.0483323807661988,0.0,0.6591472633012564,-3.4500024402943077,1.1484420161787436,-1.0859535529920232,1.6612452539705709,0.8065758349537706,-2.4697659242563543,0.08772265567209779,0.061731928948305495
21,-0.32326694980503845,-0.4896385167169952,-0.4398914310461855,-0.2798513233382808,-0.14421743255530314,-0.45536990312213615,0.7544588492167185,0.10327742141225876,-0.6379617988442783,1.1764658292771952,0.3931376865828762,0.1590920320224386,-0.31919924236685027
153,-0.17132937107859686,-0.4896385167169952,1.2694740716780788,-0.2798513233382808,2.732346478414959,-0.8200825242049509,1.0937221318784625,-1.0324269879690702,-0.5230014462035358,-1.7364178760197713,-1.038588227795687,0.4388599873157744,-0.34096673787057374
97,-0.4089155898443259,-0.4896385167169952,-1.224346753537653,-0.2798513233382808,-0.9475821284118632,2.5421119514022466,0.272923867374243,-0.14253596023400336,-0.8678825041257632,-0.21062164943564576,0.4410519326070325,-1.2140547689581183,1.7595965782387142
113,-0.39705121333199783,-0.4896385167169952,-0.16047591617779622,-0.2798513233382808,-0.06647246198853923,-0.27443825125683396,0.9806343709912145,-0.5928056084555072,-0.40804109356279333,-0.30309414801650153,0.4410519326070325,0.6244203658266606,-0.41715297213360486
478,0.7755507171619809,-0.4896385167169952,1.0483323807661988,-0.2798513233382808,0.5122956522307023,-0.14194499437909286,1.028058270718125,-0.7722574583326374,1.6612452539705709,0.8065758349537706,0.2524649688506282,0.7585947933653014,-0.8633866299599301
459,0.37357102275677867,-0.4896385167169952,1.0483323807661988,-0.2798513233382808,1.3674903284651043,-0.29010949669398506,0.5793552194558185,-0.512230539437829,1.6612452539705709,0.8065758349537706,0.4410519326070325,0.28327474687203147,-0.27566425135940403
247,-0.40004395516129965,0.47112768272108746,-0.7805691710996229,-0.2798513233382808,-1.068518749293496,-0.08353398865879783,0.38965962054817654,2.025289923195604,-0.2930807409220509,0.29797709275906326,0.2134318530963956,-0.3661865779160697,-0.2212455126000961
241,-5.20173915561598e-17,0.820497209789481,-0.9195298282266829,-0.2798513233382808,-1.0944337394824173,-0.2701642752285196,-0.12470729187446794,1.207940226033385,-0.40804109356279333,-0.8579291395016376,0.41605319555095127,-0.04502438433953607,-0.2647805036075423
173,-0.41231829630777866,-0.4896385167169952,-2.6542334805936147e-16,-0.2798513233382808,-0.3860906743185687,0.18715115980110408,5.184108838826404e-16,-0.5460768221166412,-0.5230014462035358,-0.8579291395016376,0.42570183090593006,-0.5246265934138264,0.11615066770761347
363,0.07151142296942105,-0.4896385167169952,1.0483323807661988,3.7203764161442034,1.8598751420546091,-0.6861646086511045,0.7471628646433475,-0.8986105754116869,1.6612452539705709,0.8065758349537706,-0.039844824971798365,0.27471042170999077,-0.623944179418975
400,2.5106498949166194,-0.4896385167169952,1.0483323807661988,-0.2798513233382808,1.194723727205629,-0.4240274122478314,1.1484420161787436,-1.0487796863419794,1.6612452539705709,0.8065758349537706,0.4410519326070325,2.0061314919692586,-1.8429239276274738
372,0.5452970087099229,-0.4896385167169952,1.0483323807661988,3.7203764161442034,0.9787654756312858,-0.5835891839715629,0.7690508183634598,-1.2670691948547694,1.6612452539705709,0.8065758349537706,-0.09642091409871997,-0.5474647938459353,2.989460074199074
430,-5.20173915561598e-17,-0.4896385167169952,1.0483323807661988,-0.2798513233382808,0.25314575034148923,0.09027436982598078,0.6413710883294701,-0.8282559428770768,1.6612452539705709,0.8065758349537706,-2.99572619468628,0.7029266798120356,-0.8742703777117917
475,0.32577500305241014,-0.4896385167169952,1.0483323807661988,-0.2798513233382808,0.25314575034148923,-0.17471214392950152,1.053594216724923,-0.755381853907106,1.6612452539705709,0.8065758349537706,-0.5911327632085438,1.6250190222584389,-1.0048753507341308
293,-0.41338771833914956,-0.4896385167169952,0.4237565240015635,-0.2798513233382808,-1.0166887689156532,-0.22457519759316774,-1.8283196897565586,0.8117675858013311,-0.6379617988442783,-1.1353466352442065,0.4410519326070325,-0.5902864196561398,0.14880191096319792
46,-0.40100561506026516,-0.4896385167169952,-0.6236781066013294,-0.2798513233382808,-0.9216671382229419,-0.7103838061448857,-1.2847688390404313,0.6205265812832662,-0.7529221514850207,-0.25685789872607445,0.4410519326070325,0.20476843288665675,-0.27566425135940403
330,-0.4177462280639371,-7.757561861074651e-17,-1.172049732038222,-0.2798513233382808,-0.8180071774672566,-0.20035600009938662,-1.3248967541939707,0.9880819993627287,-0.6379617988442783,-0.7192203916303548,0.13043166032686185,-0.5174896557787922,-0.2974317468631272
474,0.5205281168420494,-0.4896385167169952,1.0483323807661988,-0.2798513233382808,0.25314575034148923,-1.2218362708664887,0.9806343709912145,-0.6489942406554456,1.6612452539705709,0.8065758349537706,-0.04488842981644679,0.7742960561623764,-0.9504566119748228
342,-0.42014276418243085,-0.4896385167169952,-1.3737668149645994,-0.2798513233382808,-0.3169840338147785,0.36380883563809185,-0.32169887535548025,1.1750446816320672,-0.9828428567665056,-1.1815828845346343,0.3649592856029949,-0.5802947069670921,-0.6565954226745598
1,-0.41986984486883894,-0.4896385167169952,-0.599770896773018,-0.2798513233382808,-0.7402622069004932,0.19427445318162764,0.3787156436881204,0.5571598750882428,-0.8678825041257632,-0.30309414801650153,0.4410519326070325,-0.510352718143758,-0.1015242873296184
297,-0.4065495082415119,-0.4896385167169952,-2.6542334805936147e-16,-0.2798513233382808,-1.0166887689156532,-0.704685171440466,-0.3837147442291325,1.2002867828995525,-0.6379617988442783,-1.1353466352442065,0.4410519326070325,0.4459969249508086,-0.2430130081038192
154,-0.2574605980586563,-0.4896385167169952,1.2694740716780788,3.7203764161442034,2.732346478414959,-0.22172588024095857,1.0025223247113269,-0.9724354026591526,-0.5230014462035358,-1.7364178760197713,-0.3909235795927331,0.34322502300631774,-0.6021766839152518
144,-0.09747014258996418,-0.4896385167169952,1.2694740716780788,-0.2798513233382808,2.732346478414959,-1.9683574171453746,1.0681861858716644,-1.1642468501437142,-0.5230014462035358,-1.7364178760197713,0.4410519326070325,2.365833148774976,-1.1681315670120547
100,-0.4056557853390629,-0.4896385167169952,-0.3771350052468681,-0.2798513233382808,-0.299707373688831,0.6302200080696794,0.4151955665549746,-0.48356578037136283,-0.5230014462035358,1.1302295799867665,0.41758820572106137,-0.4703858673875673,0.5406168300302154
155,-0.009003288522770521,-0.4896385167169952,1.2694740716780788,3.7203764161442034,2.732346478414959,-0.18895873069054864,5.184108838826404e-16,-0.9742893423002674,-0.5230014462035358,-1.7364178760197713,-2.9457287205741167,0.3289511477362496,-0.7545491524413142
495,-0.40210314895226346,-0.4896385167169952,-0.20829033583441903,-0.2798513233382808,0.261784080404463,-0.8756442125730355,-1.448928491941275,-0.4736781022854176,-0.40804109356279333,0.34421334204949033,0.4014705989349039,0.6972171297040084,0.061731928948305495
230,-0.3601684521887273,-0.4896385167169952,-0.7297663502144612,-0.2798513233382808,-0.4379206546964113,-0.43257536430446025,-0.015267523273905353,-0.05872838107284301,-0.17812038828130847,-0.4880391451782146,0.23766308506742237,-0.15207844886504726,0.19233690197064454
253,-0.37985378259312913,0.47112768272108746,-0.7805691710996229,-0.2798513233382808,-1.068518749293496,2.812797099862147,-2.1931189184251005,2.429924134097361,-0.2930807409220509,0.29797709275906326,0.4410519326070325,-1.3096897332675752,2.205830236065039
134,-0.30872726122299393,-0.4896385167169952,1.614634413574325,-0.2798513233382808,0.5986789528604399,-0.7516989077519232,1.0900741395917772,-0.6888301744824749,-0.6379617988442783,1.268938327858051,-1.0297070975257634,0.6558228914208104,-0.7545491524413142
12,-0.4120840308025496,0.056251369327369925,-0.48023484763146107,-0.2798513233382808,-0.26515405343693593,-0.5636439625060962,-1.0768332786993622,0.7871434644142177,-0.5230014462035358,-1.505236629567631,0.3708800391162776,0.4274408870997201,-0.09064053957775704
331,-0.4171851621789134,1.0388531642072272,-0.7506851588142338,-0.2798513233382808,-1.0089142718589768,-0.824356500233264,-1.4635204610880168,1.352737665695832,-0.9828428567665056,-0.7192203916303548,0.40947458053619273,-0.04074222175851571,-0.5912929361633901
346,-0.4158510201266336,-0.4896385167169952,-1.0002166613972339,-0.2798513233382808,-0.9734971186007845,-0.5508220344211542,-0.5916503045702015,2.0053719562820893,-0.7529221514850207,0.15926834488777883,0.08701280122945734,-0.006484921110352095,-0.5804091884115288
410,5.5666082708045295,-0.4896385167169952,1.0483323807661988,-0.2798513233382808,0.3654440411601482,-0.7516989077519232,1.1484420161787436,-1.132349580933766,1.6612452539705709,0.8065758349537706,-3.8821945679249596,-0.3718961280240971,-0.8198516389524837
210,-0.4026337603216074,-7.757561861074651e-17,-0.07381228055016739,3.7203764161442034,-0.5674956056410178,-0.46249319650265974,0.8602506255305953,0.039007513853615165,-0.6379617988442783,0.0667958463069231,0.40103202460058646,0.6501133413127832,-0.09064053957775704
352,-0.41458364374334417,2.1306329362959575,-1.4036508272499888,-0.2798513233382808,-1.2412853505529713,-0.5707672558866197,-1.8246716974698731,3.2872999127421076,-0.6379617988442783,-0.07191290156436134,0.39094481491129024,-0.7030500342896783,-0.4280367198854662
319,-0.36737563045710075,-0.4896385167169952,-0.17691212293476022,-0.2798513233382808,-0.09238745217746054,-0.24452041905863323,-0.3545308059356493,0.09833358236928628,-0.6379617988442783,-0.025676652273934286,0.4337058125072195,0.0020794040516888728,-0.16682677384078812
303,-0.41135546508128706,-7.757561861074651e-17,-0.7462025569714253,-0.2798513233382808,-1.0512420891675485,0.9935079704763888,-1.8538556357633564,0.80653852527511,-0.2930807409220509,-1.0891103859537778,0.3701125340312225,-1.1212745797026753,1.1501067041344648
229,-5.20173915561598e-17,-0.4896385167169952,-0.7297663502144612,-0.2798513233382808,-0.4379206546964113,0.38090473975134814,-1.7188799211559962,-0.1996277937975618,-0.17812038828130847,-0.4880391451782146,0.25948215819970355,-1.2782872076734253,0.9759667401046792
469,1.1084537133678027,-0.4896385167169952,1.0483323807661988,-0.2798513233382808,0.21859243008959417,-0.8143838895005313,-0.43113864395604284,-0.4617463369028587,1.6612452539705709,0.8065758349537706,0.4410519326070325,0.29183907203407244,-0.2647805036075423
188,-0.40833461139135774,1.4755650730427192,-1.1421657197528328,-0.2798513233382808,-1.0166887689156532,0.38660337445576776,-1.4379845150812187,0.36682207193379784,-0.5230014462035358,-1.505236629567631,0.28689305409452975,-1.16409620551288,0.7909430283230322
451,0.2142669652184078,-0.4896385167169952,1.0483323807661988,-0.2798513233382808,1.3674903284651043,0.5276445833901376,5.184108838826404e-16,-0.6844567784059992,1.6612452539705709,0.8065758349537706,-0.015175018666454763,0.7157731675550969,-0.7980841434487606
10,-0.3967267556072555,0.056251369327369925,-0.48023484763146107,-0.2798513233382808,-0.26515405343693593,0.13158947143301822,0.9405064558376747,1.2129791389041071,-0.5230014462035358,-1.505236629567631,0.393028042999297,1.1040225749009507,-0.8198516389524837
409,-5.20173915561598e-17,-0.4896385167169952,1.0483323807661988,-0.2798513233382808,0.3654440411601482,0.8083023425827723,1.1484420161787436,-1.1073927011495295,1.6612452539705709,0.8065758349537706,-1.944134584577166,1.0083876105914944,0.5406168300302154
205,-0.407089490231065,-7.757561861074651e-17,-0.07381228055016739,-0.2798513233382808,-0.5674956056410178,-0.560794645153887,-1.6860479905758274,0.07147522603006008,-0.6379617988442783,0.0667958463069231,0.4410519326070325,-0.2634146759715791,0.007313190188997528
76,-0.4111762519697868,-0.4896385167169952,0.26088865704619213,-0.2798513233382808,-1.0166887689156532,-0.008027078825246487,0.2182039830739617,0.12224465004827874,-0.5230014462035358,0.11303209559735014,0.1862402443687284,-0.10640204800082911,-0.27566425135940403
75,-0.41192707291404607,-0.4896385167169952,0.26088865704619213,-0.2798513233382808,-1.0166887689156532,0.0019455319074862549,-0.857953741498237,0.33635091014009183,-0.5230014462035358,0.11303209559735014,0.2911691538541231,-0.5389004686838945,-0.1232917828333419
65,-0.4188707024890368,3.0040567539669416,-1.152625124052719,-0.2798513233382808,-1.3535836413716298,0.007644166611905868,-1.8502076434766712,1.3388568868444093,-0.6379617988442783,-1.0891103859537778,0.4410519326070325,-1.148394942715805,0.10526691995575171
344,-0.4194973627155247,1.9122769818782115,-2.6542334805936147e-16,-0.2798513233382808,-0.6106872559558867,0.8396448334570757,-1.474464437948073,1.2694054556734191,-0.5230014462035358,-0.39556664659735724,0.34314021247071375,-1.156959267877846,0.9433154968490943
481,0.24554609547659806,-0.4896385167169952,1.0483323807661988,-0.2798513233382808,-0.19604741293314576,0.662987157620088,0.2327959522207036,-0.22025881441919748,1.6612452539705709,0.8065758349537706,0.3990584400961589,-0.7101869719247124,0.12703441545947483
387,2.2237917837635788,-0.4896385167169952,1.0483323807661988,-0.2798513233382808,1.2551920376464454,-1.8301655255632139,0.7654028260767746,-1.082245673709794,1.6612452539705709,0.8065758349537706,0.4410519326070325,2.751227781066816,-1.6470164680939647
233,-0.38424274683359644,-0.4896385167169952,-0.7297663502144612,-0.2798513233382808,-0.41200566450749,2.7957011957488893,5.184108838826404e-16,-0.0680456161922914,-0.17812038828130847,-0.4880391451782146,0.2442417000821803,-1.2511668446602957,2.8044363624174267
206,-0.3961645183947056,-0.4896385167169952,-0.07381228055016739,0.0,-0.5674956056410178,0.058931878951676064,-0.5843543199968306,0.2661388883471059,-0.6379617988442783,0.0667958463069231,0.4187942851404339,-0.24914080070151073,0.2032206497225059
90,-0.4175822422102767,-0.4896385167169952,-1.1466483215956411,-0.2798513233382808,-0.5674956056410178,0.18857581847720803,-0.08822736900761374,-0.3340621862353167,-0.8678825041257632,-0.30309414801650153,0.3893001611576009,-0.557456506534983,0.007313190188997528
497,-0.3916326521960486,-0.4896385167169952,-0.20829033583441903,-0.2798513233382808,0.261784080404463,-0.6989865367360477,0.07593228389323013,-0.4289458663292906,-0.40804109356279333,0.34421334204949033,0.4410519326070325,0.19763149525162257,-0.46068796314105104
239,-0.4122316180708439,0.820497209789481,-0.9195298282266829,-0.2798513233382808,-1.0944337394824173,0.4578363082610047,-0.9600975255254287,1.1384412579485201,-0.40804109356279333,-0.8579291395016376,0.2971995509509844,-0.7630003104239645,0.0834994244520286
137,-0.38179935761405687,-0.4896385167169952,1.614634413574325,-0.2798513233382808,0.5986789528604399,0.24128818949308345,1.0900741395917772,-0.9247083411289172,-0.6379617988442783,1.268938327858051,0.4101324420376686,0.26757348407495657,-0.5912929361633901
407,0.9767964994290448,-0.4896385167169952,1.0483323807661988,-0.2798513233382808,0.9010205050645219,-0.96397305049153,1.1484420161787436,-1.1931017568656794,1.6612452539705709,0.8065758349537706,-0.26954813257044263,0.0,0.5841518210376616
224,-0.3861332694607953,-0.4896385167169952,-0.7297663502144612,-0.2798513233382808,-0.4379206546964113,2.82276971059488,0.3568276899680075,-0.42813773879342004,-0.17812038828130847,-0.4880391451782146,0.31112428606555653,-1.2240464816471661,2.423505191102271
225,-0.36134797900755583,-0.4896385167169952,-0.7297663502144612,-0.2798513233382808,-0.4379206546964113,3.476688042926957,0.5282833274422224,-0.42813773879342004,-0.17812038828130847,-0.4880391451782146,0.2776829930738684,-1.1541044928238324,2.989460074199074
326,-0.3875224639068039,-0.4896385167169952,-0.5534506777306647,-0.2798513233382808,-0.5329422853891227,0.03898665748621058,-1.4452804996545896,0.7705055445580599,-0.5230014462035358,0.5291583392112035,0.4410519326070325,-0.9371415887187962,0.05084818119644375
96,-0.40959378848196415,-0.4896385167169952,-1.224346753537653,-0.2798513233382808,-0.9475821284118632,-0.1732874852533963,0.03945236102637594,-0.14253596023400336,-0.8678825041257632,-0.21062164943564576,0.385462635732325,-0.19632746220225863,-0.1232917828333419
426,-5.20173915561598e-17,-0.4896385167169952,1.0483323807661988,-0.2798513233382808,0.25314575034148923,-0.6377262136635435,-0.32169887535548025,-0.8544487824220567,1.6612452539705709,0.8065758349537706,-3.640430466132593,0.4245861120457063,-1.3422715310418403
159,-0.25615222521195175,-0.4896385167169952,1.2694740716780788,-0.2798513233382808,2.732346478414959,0.32106907535494916,1.1484420161787436,-0.964591811869821,-0.5230014462035358,-1.7364178760197713,0.08372349372207806,-0.760145535369951,0.0834994244520286
391,0.19692077588371862,-0.4896385167169952,1.0483323807661988,-0.2798513233382808,1.2551920376464454,-0.33284925697712775,0.5100433660087953,-0.7735409550072552,1.6612452539705709,0.8065758349537706,0.23799201581815999,0.8627940828367991,0.07261567670016686
54,-0.4214757349071845,2.7857007995491956,-1.058490485353743,-0.2798513233382808,-1.249923680615945,-0.5650686211822014,-0.7631059420444161,1.6755133109052929,-0.7529221514850207,1.222702078567624,0.4410519326070325,0.2975486221420998,-0.3953854766298817
435,0.8841796319367174,-0.4896385167169952,1.0483323807661988,-0.2798513233382808,1.6007252401653962,0.49060345781141335,0.9514504326977308,-0.7940293648872668,1.6612452539705709,0.8065758349537706,-2.706267134036915,1.5065458575168729,-0.9939916029822692
254,-0.4174241129942471,3.0040567539669416,-1.1122817074674434,0.0,-1.4054136217494724,-0.25164371243915806,-1.3321927387673416,2.578999896008534,-0.9828428567665056,-0.950401638082495,0.39708485559173134,-0.8771913125845099,-0.06887304407403394
300,-0.4178949866597576,2.5673448451314496,-1.3214697934651682,-0.2798513233382808,-1.3363069812456823,0.8353708574287626,-0.7704019266177871,1.9170483703028287,-0.5230014462035358,-1.6901816267293426,0.3748272081251327,-0.9485606889348507,0.2467556407299525
505,-0.4175154765412864,-0.4896385167169952,0.1264106017619405,-0.2798513233382808,0.1581241196487778,-0.36276708917532724,5.184108838826404e-16,-0.613246481421644,-0.9828428567665056,1.1764658292771952,0.4410519326070325,-0.690203546546617,-1.1572478192601932
246,-0.3832635170217387,0.47112768272108746,-0.7805691710996229,-0.2798513233382808,-1.068518749293496,-0.25164371243915806,-1.2264009624534644,2.025289923195604,-0.2930807409220509,0.29797709275906326,0.3673714444417399,-0.5074979430897445,0.19233690197064454
374,1.7436763440717864,-0.4896385167169952,1.0483323807661988,-0.2798513233382808,0.9787654756312858,-3.058221304365503,1.1484420161787436,-1.2635514632280387,1.6612452539705709,0.8065758349537706,0.4410519326070325,3.604805522216892,-0.9504566119748228
56,-0.4206616622765133,3.2224127083846876,-1.5455998856055875,-0.2798513233382808,-1.249923680615945,0.140137423489647,-1.1972170241599809,2.5634553251714953,-0.8678825041257632,-0.5342753944686417,0.4410519326070325,-0.9913823147450552,0.23587189297809075
455,0.13358943920008198,-0.4896385167169952,1.0483323807661988,-0.2798513233382808,1.3674903284651043,0.34243895549652115,0.6559630574762121,-0.6461420258229615,1.6612452539705709,0.8065758349537706,-3.3523967720697585,0.7728686686353693,-0.9178053687192381
60,-0.4055784777223373,0.6021412553717351,-0.8896458159412937,-0.2798513233382808,-0.878475487908073,-0.7744934465695991,-0.08457937672092801,1.6306860011214162,-0.17812038828130847,0.5753945885016305,0.4214257311463373,0.062029680185975135,-0.41715297213360486
213,-0.40660924594534537,-0.4896385167169952,-0.07381228055016739,-0.2798513233382808,-0.5674956056410178,0.12874015408080905,-1.3212487619072855,0.07147522603006008,-0.6379617988442783,0.0667958463069231,0.31945719841758363,-0.4760954174955945,0.6059193165413852
108,-0.4080734053530273,-0.4896385167169952,-0.3771350052468681,-0.2798513233382808,-0.299707373688831,0.26978136301517897,1.0426502398648663,-0.6475205963253289,-0.5230014462035358,1.1302295799867665,0.4228510977328682,-0.06358042219062479,-0.2974317468631272
220,-0.381124672958997,-0.4896385167169952,-0.7297663502144612,3.7203764161442034,-0.41200566450749,0.949343551517141,0.7289229032099204,-0.44368230963045896,-0.17812038828130847,-0.4880391451782146,0.38403726914579406,-0.4289916291043695,0.45354684801532263
71,-0.4044727445376559,-0.4896385167169952,-0.040939867036239135,-0.2798513233382808,-1.2240086904270238,-0.4610685378265545,-1.8611516203367273,0.7093730733151489,-0.6379617988442783,0.34421334204949033,0.22220333978274012,-0.4047260411452537,-0.09064053957775704
240,-0.40979877079903965,0.820497209789481,-0.9195298282266829,0.0,-1.0944337394824173,0.8724119830074857,-0.5186904588364931,1.207940226033385,-0.40804109356279333,-0.8579291395016376,0.37910330788472546,-0.19061791209423123,-0.05798929632217219
6,-0.41272708961440346,0.056251369327369925,-0.48023484763146107,0.0,-0.26515405343693593,-0.3884109453452136,-0.06998740757418664,0.839243922020929,-0.5230014462035358,-1.505236629567631,0.42679826674172333,-0.04074222175851571,0.039964433444582
417,2.6154251421303374,-0.4896385167169952,1.0483323807661988,-0.2798513233382808,1.0737871063239972,-1.3970692880273712,0.7508108569300327,-1.020875517897509,1.6612452539705709,0.8065758349537706,-2.514281219189552,1.98757545411817,-1.320504035538117
366,0.009965189435630227,-0.4896385167169952,1.0483323807661988,-0.2798513233382808,1.4106819787799734,-1.882877896579089,0.8347146795237977,-0.9710568321567853,1.6612452539705709,0.8065758349537706,-0.44563572779880634,0.18335761998155445,-0.06887304407403394
502,-0.41776614063188156,-0.4896385167169952,0.1264106017619405,-0.2798513233382808,0.1581241196487778,-0.2345478083259005,0.29845981338104105,-0.7166392690991957,-0.9828428567665056,1.1764658292771952,0.4410519326070325,-0.518917043305799,-0.21036176484823435
302,-5.20173915561598e-17,0.995181973323678,-0.7462025569714253,-0.2798513233382808,-1.0512420891675485,0.29969919521337846,-1.8283196897565586,0.80653852527511,-0.2930807409220509,-1.0891103859537778,0.29533561003013664,-0.5774399319130785,0.42089560475973775
157,-0.27974744689862735,-7.757561861074651e-17,1.2694740716780788,-0.2798513233382808,0.4345506816639384,0.937946282108303,1.053594216724923,-0.9116356898133647,-0.5230014462035358,-1.7364178760197713,0.07407485836709929,-1.1598140429318595,2.042574019787115
408,0.44416927541262213,-0.4896385167169952,1.0483323807661988,-0.2798513233382808,0.3654440411601482,-0.9511511224065868,1.07183417815835,-1.1125266878480011,1.6612452539705709,0.8065758349537706,-0.4608761859163296,1.9533181534700061,-0.5804091884115288
7,-0.4061372009523087,0.056251369327369925,-0.48023484763146107,-0.2798513233382808,-0.26515405343693593,-0.16046555716845437,1.006170316998012,1.024637886132401,-0.5230014462035358,-1.505236629567631,0.4410519326070325,0.9184621963900645,0.4970818390227692
118,-0.407773545506334,-7.757561861074651e-17,-0.16047591617779622,-0.2798513233382808,-0.06647246198853923,-0.5878631599998773,0.1671320910603656,-0.6263191327371964,-0.40804109356279333,-0.30309414801650153,-0.197841228909577,0.37890971118148814,-0.23212926035195783
8,-0.39832561768044417,0.056251369327369925,-0.48023484763146107,-0.2798513233382808,-0.26515405343693593,-0.9312059009411201,1.1484420161787436,1.0871964647915542,-0.5230014462035358,-1.505236629567631,0.3284479722710865,2.4571859505034124,-0.6565954226745598
208,-0.407153913245003,-0.4896385167169952,-0.07381228055016739,3.7203764161442034,-0.5674956056410178,-0.3143286941877662,-0.34358682907559285,0.21113867899403607,-0.6379617988442783,0.0667958463069231,0.2702272293904756,0.2775651967640043,0.2032206497225059
438,1.1790847631943782,-0.4896385167169952,1.0483323807661988,-0.2798513233382808,1.6007252401653962,-0.49810966340527885,0.7070349494898082,-0.9385891199803403,1.6612452539705709,0.8065758349537706,-3.154709390876272,3.040987449049201,-1.538178990575349
132,-0.3539545596625252,-0.4896385167169952,1.614634413574325,-0.2798513233382808,0.5986789528604399,0.12446617805249466,1.07183417815835,-0.6976720404631759,-0.6379617988442783,1.268938327858051,0.31890898049968697,-0.22772998779640868,0.05084818119644375
392,0.9330825561532934,-0.4896385167169952,1.0483323807661988,-0.2798513233382808,1.2551920376464454,-1.7788778132234435,1.039002247578181,-0.9626427984009569,1.6612452539705709,0.8065758349537706,0.4410519326070325,1.8505462515255156,-1.3966902698011483
283,-0.4213105777259979,3.4407686628024337,-1.475372456734923,3.7203764161442034,-1.3276686511827085,2.3341117846909527,-1.5948481834086918,0.9935012075444486,-0.9828428567665056,-2.2450166182144793,0.42592111807308847,-1.3639304592938342,2.989460074199074
191,-5.20173915561598e-17,1.4755650730427192,-1.1421657197528328,-0.2798513233382808,-1.0166887689156532,0.6473159121829356,-1.3759686462075666,1.2762507712713813,-0.5230014462035358,-1.505236629567631,0.3622181960135123,-1.1455401676617911,0.8671292625860633
383,0.5131124422740221,-0.4896385167169952,1.0483323807661988,-0.2798513233382808,1.2551920376464454,-1.0893430139887477,1.1484420161787436,-1.0752577473702076,1.6612452539705709,0.8065758349537706,0.4410519326070325,0.0,-1.1137128282527466
49,-0.397326475300642,-0.4896385167169952,-0.6236781066013294,-0.2798513233382808,-0.9216671382229419,-0.9725210025481575,-0.23779505276171573,1.0898585319685394,-0.7529221514850207,-0.25685789872607445,0.4410519326070325,0.4973828759230539,-0.34096673787057374
498,-0.3950599565375504,-0.4896385167169952,-0.20829033583441903,-0.2798513233382808,0.261784080404463,-0.3784383346124796,-0.11741130730109699,-0.6588343818275162,-0.40804109356279333,0.34421334204949033,0.4410519326070325,0.02919976706481831,-0.145059278337065
309,-0.3821425565792175,-0.4896385167169952,-0.17691212293476022,-0.2798513233382808,-0.09238745217746054,-0.4453972923894021,0.29845981338104105,-0.3292134210200935,-0.6379617988442783,-0.025676652273934286,0.4338154560907987,-0.3918795534021923,-0.2430130081038192
124,-0.41153233553773505,-0.4896385167169952,2.176453844539642,-0.2798513233382808,0.22723076015256793,-0.5778905492671446,0.995226340137956,-0.8503130709149547,-0.8678825041257632,0.29797709275906326,0.24895637417609048,0.6943623546499944,-0.40626922438174307
306,-0.41428026991407246,0.9515107824401287,-1.330434997150785,-0.2798513233382808,-0.7143472167115719,1.6175084706102663,0.123356183620141,-0.33078213917795973,-0.2930807409220509,-0.025676652273934286,0.4410519326070325,-0.8914651878545781,1.1827579473900494
245,-0.4006577307849999,0.47112768272108746,-2.6542334805936147e-16,0.0,-1.068518749293496,-0.9682470265198432,0.06134031474648877,1.977467787837619,-0.2930807409220509,0.29797709275906326,0.3558588681659128,0.8199724570265945,-0.43892046763732795
59,-0.41097126965271136,0.6021412553717351,-0.8896458159412937,-0.2798513233382808,-0.878475487908073,-0.5095069328141167,-0.7776979111911577,1.4912126958129397,-0.17812038828130847,0.5753945885016305,0.4410519326070325,-0.4989336179277035,-0.31919924236685027
276,-0.41080611247152476,1.2572091186249732,-0.6983881373148025,3.7203764161442034,-0.9303054682859156,1.399535693166241,-0.7120340500308202,0.47164096702759195,-0.6379617988442783,-0.39556664659735724,0.35717459116886446,-0.9514154639888643,1.1609904518863265
395,0.5979481810101644,-0.4896385167169952,1.0483323807661988,-0.2798513233382808,1.194723727205629,0.2655073869868646,1.1046661087385186,-0.9837016512474653,1.6612452539705709,0.8065758349537706,0.3871072894860149,0.6287025284076813,-1.026642846237854
416,0.8459709280338501,-0.4896385167169952,1.0483323807661988,-0.2798513233382808,1.0737871063239972,0.7085762352554399,0.812826725803685,-0.9391120260329624,1.6612452539705709,0.8065758349537706,-3.6742006898750184,1.8662475143225905,-1.6361327203421032
491,-0.4106831230812795,-0.4896385167169952,2.4887417729219594,-0.2798513233382808,0.46910400191583346,-0.42972604695225103,1.1046661087385186,-0.9160090858898404,-0.6379617988442783,0.7603395856633436,0.36660393935668484,0.7643043434733287,-0.972224107478546
170,-0.28164031218087854,-0.4896385167169952,1.2694740716780788,-0.2798513233382808,0.4345506816639384,-0.5835891839715629,0.9514504326977308,-0.6508481802965604,-0.5230014462035358,-1.7364178760197713,-0.7059295952160757,0.2447352836428475,-0.5586416929078056
419,0.9605384733661448,-0.4896385167169952,1.0483323807661988,-0.2798513233382808,1.4106819787799734,0.7684118996518389,0.2911638288076701,-0.9512339390710202,1.6612452539705709,0.8065758349537706,-3.379478737213847,1.4308943185855114,-1.538178990575349
55,-0.4215331299559656,3.4407686628024337,-1.4738782561206534,-0.2798513233382808,-1.310391991056761,1.3738918369963546,-1.700639959722569,2.3300490780465393,-0.5230014462035358,-0.25685789872607445,0.43041650499984024,-1.1284115173377096,1.4004329024272812
235,-0.38436222224126326,-0.4896385167169952,-0.7297663502144612,-0.2798513233382808,-0.41200566450749,-0.2829862033134615,-0.25603501419514285,-0.0680456161922914,-0.17812038828130847,-0.4880391451782146,0.22012011169473333,-0.26198728844457203,0.1596856587150597
142,-0.034065012272180346,-0.4896385167169952,1.2694740716780788,3.7203764161442034,2.732346478414959,-1.2560280790930025,1.1484420161787436,-1.1757983202152753,-0.5230014462035358,-1.7364178760197713,0.4410519326070325,2.0132684296042926,-0.9939916029822692
249,-0.40072801043656864,0.47112768272108746,-0.7805691710996229,-0.2798513233382808,-1.068518749293496,0.6173980799847362,-1.8611516203367273,1.9164303904224573,-0.2930807409220509,0.29797709275906326,0.4064045601959725,-0.8786187001115168,0.39912810925601466
415,1.6952302375904067,-0.4896385167169952,1.0483323807661988,-0.2798513233382808,1.0737871063239972,0.21279501597098918,1.1484420161787436,-0.9318864151240025,1.6612452539705709,0.8065758349537706,-3.611923134401973,2.3315758481268127,-1.668783963597688
378,2.3469100200367357,-0.4896385167169952,1.0483323807661988,-0.2798513233382808,1.004680465820207,0.1358634474613326,1.0098183092846977,-1.1451370107660703,1.6612452539705709,0.8065758349537706,0.4410519326070325,1.5664961336511594,-1.026642846237854
494,-0.3903219366942917,-0.4896385167169952,-0.20829033583441903,-0.2798513233382808,0.261784080404463,-0.5109315914902207,-0.945505556378687,-0.671859496229194,-0.40804109356279333,0.34421334204949033,0.4410519326070325,0.12483473137427498,0.21410439747436766
179,-0.41629846724162123,-0.4896385167169952,-1.2885973799512402,-0.2798513233382808,-0.5761339357039916,0.9906586531241797,-0.3691227750823909,-0.45922688046749766,-0.7529221514850207,-0.30309414801650153,0.4410519326070325,-1.0955816042165527,1.5963403619607903
52,-0.41679042480260237,0.42745649183753825,-0.8134415846135512,-0.2798513233382808,-0.9994121087897058,0.3224937340310544,-1.7298238980160523,1.4354518958378737,-0.6379617988442783,-0.7654566409207818,0.4410519326070325,-1.061324303568389,0.26852313623367563
74,-0.41381993819629725,-0.4896385167169952,0.26088865704619213,-0.2798513233382808,-1.0166887689156532,-0.016575030881875275,5.184108838826404e-16,0.21698571940062852,-0.5230014462035358,0.11303209559735014,0.41934250305833054,-0.8472161745173667,0.17056940646692142
26,-0.34436607253349794,-0.4896385167169952,-0.4398914310461855,-0.2798513233382808,-0.14421743255530314,-0.6719180218900574,0.7945867643702579,0.4216321336313692,-0.6379617988442783,1.1764658292771952,0.22154547828126425,0.29897600966910665,-0.6457116749226981
200,-0.4209861200012556,3.65912461722018,-1.4365232407639168,-0.2798513233382808,-1.310391991056761,1.2114807479204142,-1.9924793426574026,1.8341439925052887,-0.7529221514850207,-0.6729841423399261,0.30290101729710867,-1.179797468309955,1.1283392086307413
4,-0.4149807237747075,-0.4896385167169952,-1.330434997150785,-0.2798513233382808,-0.8352838375932041,1.2285766520336716,-0.5223384511231783,1.0777366189304816,-0.7529221514850207,0.11303209559735014,0.4410519326070325,0.0,1.4875028844421743
428,0.43986113277145894,-0.4896385167169952,1.0483323807661988,-0.2798513233382808,1.0737871063239972,-0.13054772497025488,0.34953170539463657,-0.8839216690243934,1.6612452539705709,0.8065758349537706,-2.8501195156929624,1.2567530402906801,-1.2552015490269475
385,1.546143670062604,-0.4896385167169952,1.0483323807661988,-0.2798513233382808,1.2551920376464454,-1.4355350722821996,1.0791301627317205,-1.1261222452161757,1.6612452539705709,0.8065758349537706,0.4410519326070325,2.582796052880012,-1.668783963597688
308,-0.36532463595882,-0.4896385167169952,-0.17691212293476022,-0.2798513233382808,-0.09238745217746054,0.49915140986804213,0.5100433660087953,-0.22700905618941017,-0.6379617988442783,-0.025676652273934286,0.4410519326070325,-1.1669509805668936,0.029080685692720636
5,-0.41957232767719793,-0.4896385167169952,-1.330434997150785,-0.2798513233382808,-0.8352838375932041,0.20709638126656957,-0.35817879822233445,1.0777366189304816,-0.7529221514850207,0.11303209559735014,0.410571016371986,-1.0713160162574369,0.6712218030525545
141,-0.23230165412457637,-0.4896385167169952,1.614634413574325,-0.2798513233382808,0.5986789528604399,-1.8030970107172235,1.1484420161787436,-1.1197998356708356,-0.6379617988442783,1.268938327858051,0.4410519326070325,3.0966555626024657,-0.8851541254636532
272,-0.4096453268931146,0.383785300953989,-0.6162071035299821,-0.2798513233382808,-0.7834538572153615,0.3609595182858827,-0.35817879822233445,0.0582124270590087,-0.7529221514850207,0.0667958463069231,0.41978107739264736,-0.7116143594517191,0.2032206497225059
135,-0.3577344335893968,-0.4896385167169952,1.614634413574325,-0.2798513233382808,0.5986789528604399,0.07175380703661924,1.0827781550184061,-0.8006845328297298,-0.6379617988442783,1.268938327858051,0.41660141346884794,0.6058643279755721,-0.4824554586447742
298,-0.41549493655868536,2.5673448451314496,-1.3214697934651682,-0.2798513233382808,-1.3363069812456823,0.08600039379766637,-1.7663038208829065,1.9170483703028287,-0.5230014462035358,-1.6901816267293426,0.12681342206874496,-1.1055733169056006,-0.00357055756286422
122,-0.4121765656771151,-0.4896385167169952,2.176453844539642,-0.2798513233382808,0.22723076015256793,-0.4610685378265545,0.889434563824079,-0.811998318331917,-0.8678825041257632,0.29797709275906326,0.23481235189435992,0.7443209180952332,-0.2212455126000961
22,-0.27870613672788397,-0.4896385167169952,-0.4398914310461855,-0.2798513233382808,-0.14421743255530314,-0.20320531745159578,0.845658656383854,0.08644935390060221,-0.6379617988442783,1.1764658292771952,0.4410519326070325,0.8570845327287715,-0.7980841434487606
68,-0.4071925670533658,0.056251369327369925,-0.7491909581999642,-0.2798513233382808,-1.2585620106789188,-0.9839182719569954,-1.1570891090064415,1.2849024895965833,-0.6379617988442783,0.20550459417820588,0.4410519326070325,0.05346535502393417,-0.5586416929078056
20,-0.27644313194737075,-0.4896385167169952,-0.4398914310461855,-0.2798513233382808,-0.14421743255530314,-1.0181100801835095,1.0791301627317205,0.0013582780648238077,-0.6379617988442783,1.1764658292771952,0.21814652719030578,1.1853836639403392,-0.972224107478546
437,1.3546784726388548,-0.4896385167169952,1.0483323807661988,-0.2798513233382808,1.6007252401653962,-0.18895873069054864,1.1484420161787436,-0.894094568593587,1.6612452539705709,0.8065758349537706,-3.808514079759667,1.9604550911050405,-1.5055277473197641
14,-0.34834272948476197,-0.4896385167169952,-0.4398914310461855,0.0,-0.14421743255530314,-0.26873961655241435,0.5830032117425037,0.317003386193074,-0.6379617988442783,1.1764658292771952,0.25597356352516587,-0.3504853151189948,-0.47157171089291283
281,-0.4187289718583732,0.383785300953989,-1.1586019265097969,-0.2798513233382808,-0.9657226215441079,0.9735627490109221,5.184108838826404e-16,0.6891223480045111,-0.5230014462035358,-1.6439453774389146,0.3898483790754975,-1.1598140429318595,1.4004329024272812
231,-0.36884096119230886,-0.4896385167169952,-0.7297663502144612,-0.2798513233382808,-0.4379206546964113,1.6061112012014283,0.305755797954412,-0.05872838107284301,-0.17812038828130847,-0.4880391451782146,0.2134318530963956,-1.0656064661494096,0.9977342356084022
64,-0.42078348033923246,0.274607323745116,-1.4499710462923419,-0.2798513233382808,-1.1972298672318047,1.1673163289611674,-0.3289948599288512,2.580235855769277,-0.7529221514850207,0.0667958463069231,0.4009223810170072,-0.665937958587501,1.139222956382603
327,-0.3948362329800566,-0.4896385167169952,-0.5534506777306647,-0.2798513233382808,-0.5329422853891227,-0.2872601793417759,-0.9053776412251474,0.7705055445580599,-0.5230014462035358,0.5291583392112035,0.4410519326070325,0.010643729213729587,-0.03622180081844908
322,-0.38193874558966817,-0.4896385167169952,-0.5534506777306647,-0.2798513233382808,-0.5329422853891227,-0.34709584373817487,-0.6792021194506516,0.4402190669563909,-0.5230014462035358,0.5291583392112035,0.4410519326070325,-0.7158965220327397,-0.23212926035195783
81,-0.417842276921081,0.6021412553717351,-0.9299892325265691,-0.2798513233382808,-1.1117103996083648,0.4763568710503662,0.0686362993198597,0.7632799336490999,-0.6379617988442783,0.25174084346863457,0.427127197492461,-0.7844111233290669,0.14880191096319792
360,0.10893885141234927,-0.4896385167169952,1.0483323807661988,-0.2798513233382808,1.8598751420546091,0.1615073036312177,0.7106829417764933,-0.6069716087901786,1.6612452539705709,0.8065758349537706,0.1961081668908656,-0.7030500342896783,0.26852313623367563
394,-5.20173915561598e-17,-0.4896385167169952,1.0483323807661988,-0.2798513233382808,1.194723727205629,-0.5664932798583066,0.9550984249844165,-0.956890831822114,1.6612452539705709,0.8065758349537706,0.4410519326070325,0.5187936888281565,-1.0701778372453004
194,-0.4213832000326189,2.1306329362959575,-1.2183699510805754,-0.2798513233382808,-1.3276686511827085,0.4549869909087955,-1.813727720609817,1.1525597213693168,-0.9828428567665056,-1.3202916324059188,0.2195718937768367,-1.1897891809990027,0.7147567940600011
477,1.3366634552867367,-0.4896385167169952,1.0483323807661988,-0.2798513233382808,0.5122956522307023,-1.3970692880273712,1.0499462244382372,-0.8054382242172036,1.6612452539705709,0.8065758349537706,-0.07887794072603094,1.7406374119459909,-1.1463640715083314
461,0.00951539966559031,-0.4896385167169952,1.0483323807661988,-0.2798513233382808,1.3674903284651043,0.13016481275691427,0.7252749109232353,-0.5837260579054326,1.6612452539705709,0.8065758349537706,0.38107689238915304,0.27613780923699754,-0.5259904496522207
160,-0.2739048651982134,-0.4896385167169952,1.2694740716780788,3.7203764161442034,0.4345506816639384,-0.04934218043228394,0.8784905869640224,-0.9491423148605318,-0.5230014462035358,-1.7364178760197713,-0.19466156498577694,-1.0299217779742391,0.48619809127090746
484,-0.1444602889563445,-0.4896385167169952,1.0483323807661988,-0.2798513233382808,0.24450742027851546,-0.5892878186759812,-0.9710415023854851,-0.033771501288606266,1.6612452539705709,0.8065758349537706,0.154114674379992,0.08915004319910458,-0.21036176484823435
379,1.669707010795696,-0.4896385167169952,1.0483323807661988,-0.2798513233382808,1.004680465820207,-0.08780796468711222,1.1484420161787436,-1.1451370107660703,1.6612452539705709,0.8065758349537706,0.4064045601959725,1.2938651159928576,-1.3422715310418403
499,-0.40223902294529634,-0.4896385167169952,-0.20829033583441903,-0.2798513233382808,0.261784080404463,-1.0195347388596145,0.18172406020710752,-0.6632077779039919,-0.40804109356279333,0.34421334204949033,0.42866220766257107,0.3403702479523042,-0.5477579451559439
496,-0.3891470951855677,-0.4896385167169952,-0.20829033583441903,-0.2798513233382808,0.261784080404463,-1.2745486418823642,0.1598361064869952,-0.4736781022854176,-0.40804109356279333,0.34421334204949033,0.4410519326070325,1.2025123142644212,-0.3083154946149889
473,0.1212342764542989,-0.4896385167169952,1.0483323807661988,-0.2798513233382808,0.5122956522307023,0.9906586531241797,-0.03350748470733245,-0.5999836824505924,1.6612452539705709,0.8065758349537706,0.19742388989381732,0.0,0.7909430283230322
51,-0.4179886928618492,0.42745649183753825,-2.6542334805936147e-16,-0.2798513233382808,-0.9994121087897058,-0.24167110170642406,-0.20131512989486153,1.4354518958378737,-0.6379617988442783,-0.7654566409207818,0.4089263626182967,-0.46895847986056055,-0.2212455126000961
458,0.4849712984583757,-7.757561861074651e-17,-2.6542334805936147e-16,-0.2798513233382808,1.3674903284651043,0.023315412049058223,0.5538192734490204,-0.4810463239360017,1.6612452539705709,0.8065758349537706,-0.9260939110433204,0.5016650385040745,-0.8307353867043452
427,3.9883732753513,-7.757561861074651e-17,1.0483323807661988,-0.2798513233382808,1.0737871063239972,-0.1177257968853117,0.37141965911474945,-0.9184810054113268,1.6612452539705709,0.8065758349537706,-3.704352675359327,0.2575817713859088,-1.266085296778809
336,-0.4190546009106417,-0.4896385167169952,-0.8806806122556768,-0.2798513233382808,-0.3428990240036998,-0.5921371360281917,-0.8105298417713267,0.6826573277175467,-0.5230014462035358,0.8065758349537706,0.4410519326070325,-0.4161451413613082,-0.330082990118712
164,-0.16041494118997277,-0.4896385167169952,1.2694740716780788,-0.2798513233382808,0.4345506816639384,-0.6135070161697623,0.8493066486705392,-0.6527021199376751,-0.5230014462035358,-1.7364178760197713,0.4214257311463373,-0.15350583639205406,0.01819693794085889
106,-0.4030156130951309,-0.4896385167169952,-0.3771350052468681,-0.2798513233382808,-0.299707373688831,-0.6391508723396475,0.8529546409572248,-0.7530050082133692,-0.5230014462035358,1.1302295799867665,0.4275657718267784,0.8485202075667307,-0.330082990118712
325,-0.40059565042611417,-0.4896385167169952,-0.5534506777306647,-0.2798513233382808,-0.5329422853891227,0.20852103994267476,-1.963295404363919,0.7705055445580599,-0.5230014462035358,0.5291583392112035,0.40574669869449664,-1.0898720541085254,0.2249881452262294
63,-0.4082514471370014,0.6021412553717351,-0.8896458159412937,-0.2798513233382808,-0.878475487908073,0.6800830617333443,-0.9163216180852038,1.9898273854450503,-0.17812038828130847,0.5753945885016305,0.4265789795745643,-0.4589667671715128,0.26852313623367563
348,-0.4213105777259979,3.0040567539669416,-1.355836407593366,-0.2798513233382808,-1.033965429041601,0.49915140986804213,-1.416096561361106,2.162433919724218,-0.6379617988442783,-0.6729841423399261,0.375704356793767,-0.9599797891509052,0.21410439747436766
186,-0.4165069635412751,-7.757561861074651e-17,-1.2885973799512402,-0.2798513233382808,-0.5761339357039916,2.2030431864893165,-0.5442264048432909,-0.28324522530322344,-0.7529221514850207,-0.30309414801650153,0.3942341224186695,-1.179797468309955,2.989460074199074
433,0.2306573512917623,-0.4896385167169952,1.0483323807661988,-0.2798513233382808,1.3674903284651043,0.21564433332319835,0.7070349494898082,-0.7031863224726453,1.6612452539705709,0.8065758349537706,-2.8121828357745233,0.5002376509770674,-0.8960378732155148
445,0.8269485690092467,-0.4896385167169952,1.0483323807661988,-0.2798513233382808,1.6007252401653962,0.248411482873607,0.9587464172711018,-0.8590598630679062,1.6612452539705709,0.8065758349537706,-3.438576628763092,1.607890371934357,-1.1681315670120547
263,-0.3264037649200562,0.383785300953989,-1.0629730871965513,-0.2798513233382808,0.7973605443088366,1.4850152137325252,0.9478024404110456,-0.8158488083557707,-0.5230014462035358,-2.5224341139570474,0.4028959655214348,-0.20917394994531996,0.9215480013453712
89,-0.4168583617991188,-0.4896385167169952,-1.1466483215956411,-0.2798513233382808,-0.5674956056410178,1.1316998620585483,-0.19766713760817606,-0.18089824973091578,-0.8678825041257632,-0.30309414801650153,0.43184187158637116,-1.0013740274341028,0.6712218030525545
315,-0.3933685595897963,-0.4896385167169952,-0.17691212293476022,-0.2798513233382808,-0.09238745217746054,-0.8257811589093692,0.33493973624789525,0.07128507837456116,-0.6379617988442783,-0.025676652273934286,0.4357890405952263,-0.17348926177014956,-0.6892466659301447
268,-0.35975848755457634,0.383785300953989,-1.0629730871965513,-0.2798513233382808,0.17540077977472532,1.6887414044155034,-0.5807063277101451,-0.43878600750136115,-0.5230014462035358,-2.5224341139570474,0.3686871674446916,-1.3639304592938342,2.2820164703280703
93,-0.419701173705074,0.7331548280223826,0.5911069927997431,-0.2798513233382808,-0.7834538572153615,-0.10490386880036852,-1.4452804996545896,-0.06139044824982817,-0.6379617988442783,-0.11814915085479002,0.4348022483430122,-0.9285772635567553,0.26852313623367563
301,-0.4189257548827656,-7.757561861074651e-17,-0.7462025569714253,-0.2798513233382808,-1.0512420891675485,0.4350417694433288,-1.0257613866857664,0.80653852527511,-0.2930807409220509,-1.0891103859537778,0.42844292049541266,-0.4589667671715128,-0.05798929632217219
465,-5.20173915561598e-17,-0.4896385167169952,1.0483323807661988,0.0,0.8664671848126269,-0.7488495903997127,-0.7412179883243035,-0.34632671001499865,1.6612452539705709,0.8065758349537706,-0.2442204647636232,0.20191365783264317,-0.28654799911126577
311,-0.33048584134867337,-0.4896385167169952,-0.17691212293476022,-0.2798513233382808,-0.09238745217746054,-0.23169849097369133,-0.5734103431367744,-0.5489290369491255,-0.6379617988442783,-0.025676652273934286,0.4410519326070325,-0.961407176677912,-0.047105548570310435
282,-0.41588967393499643,0.383785300953989,-1.1586019265097969,3.7203764161442034,-0.9657226215441079,1.938056672733833,-0.6864981040240222,0.6735302402535975,-0.5230014462035358,-1.6439453774389146,0.22362870636927104,-1.3853412721989364,2.55411016412461
92,-0.4181456507503527,-7.757561861074651e-17,0.5911069927997431,-0.2798513233382808,-0.7834538572153615,0.22419228537982713,-0.5442264048432909,-0.06139044824982817,-0.6379617988442783,-0.11814915085479002,0.420329295310544,-0.6502366957904261,0.039964433444582
18,-0.32904510849151436,-0.4896385167169952,-0.4398914310461855,-0.2798513233382808,-0.14421743255530314,-1.18052116925945,-1.1643850935798121,0.0006927612705775703,-0.6379617988442783,1.1764658292771952,-0.7421119777972465,-0.14636889875702014,-0.25389675585568094
261,-0.3605057945162572,0.383785300953989,-1.0629730871965513,-0.2798513233382808,0.7973605443088366,1.7599743382207402,0.7617548337900895,-0.7868512908921814,-0.5230014462035358,-2.5224341139570474,0.3475259558138857,-0.7787015732210396,2.2384814793206242
198,-0.41865517822422604,3.0040567539669416,-1.4290522376925696,-0.2798513233382808,-1.3017536609937872,1.4095083038989737,-1.1023692247061603,1.670426861120696,-0.8678825041257632,-2.70737911111876,0.3895194483247593,-0.8700543749494758,1.3133629204123887
145,-0.1443700967368313,-0.4896385167169952,1.2694740716780788,-0.2798513233382808,2.732346478414959,-0.22030122156485335,1.1484420161787436,-1.129449829187407,-0.5230014462035358,-1.7364178760197713,-2.014854695985818,2.153152407250961,-0.9504566119748228
158,-0.2657781948218157,-0.4896385167169952,1.2694740716780788,-0.2798513233382808,0.4345506816639384,-0.31147937683555704,1.1484420161787436,-0.9686799864630485,-0.5230014462035358,-1.7364178760197713,-0.030525120367557824,-0.8971747379626054,0.19233690197064454
150,-0.22902662236147348,-0.4896385167169952,1.2694740716780788,-0.2798513233382808,2.732346478414959,-0.23169849097369133,5.184108838826404e-16,-1.0348989074905561,-0.5230014462035358,-1.7364178760197713,0.17681089618090803,0.19763149525162257,-0.11240803508148016
250,-0.4066350151509206,0.47112768272108746,-0.7805691710996229,-0.2798513233382808,-1.068518749293496,0.2883019258045405,-2.025311273237571,1.71211673458884,-0.2930807409220509,0.29797709275906326,0.4342540304251155,-0.9728262768939665,0.2032206497225059
485,0.007238338954763405,-0.4896385167169952,1.0483323807661988,-0.2798513233382808,0.24450742027851546,0.03898665748621058,-0.6062422737169432,0.09348481715406307,1.6612452539705709,0.8065758349537706,0.35026704540336834,-0.30480891425477663,-0.145059278337065
167,-0.21219698846581447,-7.757561861074651e-17,1.2694740716780788,-0.2798513233382808,0.4345506816639384,-0.5807398666193537,0.38965962054817654,-0.6508481802965604,-0.5230014462035358,-1.7364178760197713,-1.41510429380702,-0.08213646004171325,0.13791816321133657
85,-0.4163511769802977,-0.4896385167169952,-0.9852746552545393,-0.2798513233382808,-0.9130288081599681,0.4920281164875186,-0.45302659767615544,0.305499453035388,-0.7529221514850207,0.020559597016494405,0.3906158841605526,-0.8829008626925371,0.4426631002634613
236,-5.20173915561598e-17,-0.4896385167169952,-0.7297663502144612,3.7203764161442034,-0.41200566450749,0.4934527751636238,0.2911638288076701,0.1677850135402761,-0.17812038828130847,-0.4880391451782146,0.34840310448252,-0.45325721706348565,0.27940688398553737
436,1.2660792585612068,-0.4896385167169952,1.0483323807661988,-0.2798513233382808,1.6007252401653962,0.2512608002258174,0.9040265329708205,-0.8520719367283198,1.6612452539705709,0.8065758349537706,-3.6092916883960697,0.7614495684193151,-1.4075740175530098
66,-0.41793949710575107,3.0040567539669416,-1.152625124052719,-0.2798513233382808,-1.3535836413716298,-0.7089591474687804,-1.3650246693475103,1.3388568868444093,-0.6379617988442783,-1.0891103859537778,0.4410519326070325,-0.3533400901730084,-0.34096673787057374
312,-0.3924162703110399,-0.4896385167169952,-0.17691212293476022,-0.2798513233382808,-0.09238745217746054,-0.3727396999080613,0.7982347566569437,-0.4568500347737609,-0.6379617988442783,-0.025676652273934286,0.4344733175922746,-0.1420867361759995,-0.34096673787057374
429,0.6708211517217826,-0.4896385167169952,1.0483323807661988,-0.2798513233382808,1.0737871063239972,0.1358634474613326,5.184108838826404e-16,-0.8684246351012292,1.6612452539705709,0.8065758349537706,-3.24494606016204,1.6221642472044249,-1.4184577653048713
140,-0.38899482260716883,-0.4896385167169952,1.614634413574325,-0.2798513233382808,0.5986789528604399,-0.15761623981624392,0.9149705098308766,-1.037798659236915,-0.6379617988442783,1.268938327858051,0.34434629189008564,1.6335833474204795,-0.9286891164710996
101,-0.4096781240638466,-0.4896385167169952,-0.3771350052468681,-0.2798513233382808,-0.299707373688831,0.7071515765793346,0.10146822990002817,-0.44634437680744415,-0.5230014462035358,1.1302295799867665,0.4265789795745643,-0.7201786846137601,0.4317793525115995
393,-5.20173915561598e-17,-0.4896385167169952,1.0483323807661988,-0.2798513233382808,1.194723727205629,-0.13054772497025488,0.8784905869640224,-0.9525649726595129,1.6612452539705709,0.8065758349537706,0.4410519326070325,0.35036196064135194,-0.9504566119748228
2,-0.4198721875238912,-0.4896385167169952,-0.599770896773018,-0.2798513233382808,-0.7402622069004932,1.282713681725651,-0.27062698334188445,0.5571598750882428,-0.8678825041257632,-0.30309414801650153,0.39642699409025545,-1.239747744444241,1.3242466681642504
413,2.933463992029372,-0.4896385167169952,1.0483323807661988,-0.2798513233382808,0.3654440411601482,-1.609343430766978,1.1484420161787436,-1.048494464858731,1.6612452539705709,0.8065758349537706,-1.5975512168829835,1.0512092364016983,-0.6783629181782829
221,-0.3753125457742629,-0.4896385167169952,-0.7297663502144612,3.7203764161442034,-0.41200566450749,-0.17186282657729235,0.8310666872371121,-0.35512103908182485,-0.17812038828130847,-0.4880391451782146,0.4228510977328682,1.2481887151286393,-0.09064053957775704
17,-0.33121323574240974,-0.4896385167169952,-0.4398914310461855,-0.2798513233382808,-0.14421743255530314,-0.41975343621951705,0.480859427715312,0.22002808188861175,-0.6379617988442783,1.1764658292771952,0.32976369527403826,0.2789925842910111,-0.5477579451559439
146,-0.17064180182074942,-7.757561861074651e-17,1.2694740716780788,-0.2798513233382808,2.732346478414959,-0.9354798769694345,1.1484420161787436,-1.0831013381595391,-0.5230014462035358,-1.7364178760197713,-2.0547649604086846,0.5616153146383606,-0.7545491524413142
255,-0.41891287027997803,3.0040567539669416,-1.1122817074674434,-0.2798513233382808,-1.4054136217494724,-0.5821645252954577,-1.8027837437497607,2.578999896008534,-0.9828428567665056,-0.950401638082495,0.4221932362313924,-0.4946514553466832,-0.17771052159264986
357,0.0278572173975032,-0.4896385167169952,1.0483323807661988,3.7203764161442034,1.8598751420546091,0.15723332760290332,0.8201227103770559,-0.6131514075938945,1.6612452539705709,0.8065758349537706,0.38009010013693895,0.07915833051005682,-0.09064053957775704
30,-0.2906138523586794,-0.4896385167169952,-0.4398914310461855,-0.2798513233382808,-0.14421743255530314,-0.8143838895005313,0.9332104712643037,0.2081913903338021,-0.6379617988442783,1.1764658292771952,0.038331050120245985,1.4109108932074166,-1.0701778372453004
114,-0.4063995783181653,-0.4896385167169952,-0.16047591617779622,-0.2798513233382808,-0.06647246198853923,-0.04364354572786559,0.5720592348824475,-0.731375712400364,-0.40804109356279333,-0.30309414801650153,0.35158276840632,-0.32336495210586536,-0.43892046763732795
238,-0.4134123162171986,-7.757561861074651e-17,-0.9195298282266829,-0.2798513233382808,-1.0944337394824173,0.2797539737479117,-1.8246716974698731,1.1384412579485201,-0.40804109356279333,-0.8579291395016376,0.24928530492682874,-0.907166450651653,0.12703441545947483
103,-0.3982822785619768,-0.4896385167169952,-0.3771350052468681,-0.2798513233382808,-0.299707373688831,-0.21032861083212062,5.184108838826404e-16,-0.5135615730263214,-0.5230014462035358,1.1302295799867665,0.41440854179726194,0.10342391846917268,-0.35185048562243515
456,0.12380416904666218,-0.4896385167169952,1.0483323807661988,-0.2798513233382808,1.3674903284651043,-0.4396986576849838,0.7070349494898082,-0.5773085745323432,1.6612452539705709,0.8065758349537706,-3.795795424064467,0.8984787710119695,-1.0701778372453004
313,-0.39151551944343405,-0.4896385167169952,-0.17691212293476022,-0.2798513233382808,-0.09238745217746054,-0.026547641614608014,0.5209873428688514,-0.253011748078891,-0.6379617988442783,-0.025676652273934286,0.40256703477069655,-0.6873487714926033,-0.1015242873296184
176,-0.41484367845414843,-0.4896385167169952,-1.0510194822823957,-0.2798513233382808,-0.3860906743185687,-0.37701367593637564,-0.7776979111911577,-0.11415642265078575,-0.5230014462035358,-0.8579291395016376,0.40081273743342805,-0.3718961280240971,0.07261567670016686
252,-0.41343925675029997,0.47112768272108746,-0.7805691710996229,-0.2798513233382808,-1.068518749293496,0.9578915035737697,-2.251486795012067,2.429924134097361,-0.2930807409220509,0.29797709275906326,0.3225272187578039,-1.311117120794582,0.7691755328193091
116,-0.40765641275371944,-0.4896385167169952,-0.16047591617779622,-0.2798513233382808,-0.06647246198853923,-0.15476692246403476,0.14524413734025332,-0.506240888289612,-0.40804109356279333,-0.30309414801650153,0.4015802425184831,0.0,-0.145059278337065
168,-0.15361655622822415,-0.4896385167169952,1.2694740716780788,-0.2798513233382808,0.4345506816639384,0.04895926821894332,1.006170316998012,-0.8057709826143266,-0.5230014462035358,-1.7364178760197713,-0.6533006750980098,-0.23058476285042226,0.13791816321133657
441,0.715951229976644,-0.4896385167169952,1.0483323807661988,-0.2798513233382808,1.6007252401653962,0.1729045730400557,1.046298232151552,-0.8223613655566095,1.6612452539705709,0.8065758349537706,0.32110185217127296,0.0,-0.5912929361633901
120,-0.41498775173986435,-0.4896385167169952,2.176453844539642,-0.2798513233382808,0.22723076015256793,-0.5907124773520864,0.04310035331306167,-0.7308052694338673,-0.8678825041257632,0.29797709275906326,0.3560781553330712,0.23617095848080655,-0.05798929632217219
264,-0.3586375271120551,0.383785300953989,-1.0629730871965513,-0.2798513233382808,0.7973605443088366,1.3126315139238518,0.8420106640971682,-0.8865361992875039,-0.5230014462035358,-2.5224341139570474,0.3422630638020789,-0.6588010209524671,1.5201541276977588
112,-0.40862744327289413,-0.4896385167169952,-0.16047591617779622,-0.2798513233382808,-0.06647246198853923,-0.5294521542795823,0.889434563824079,-0.6853124428557443,-0.40804109356279333,-0.30309414801650153,0.41967143380906813,0.4988102634500609,-0.40626922438174307
364,-0.016116760589052384,-0.4896385167169952,1.0483323807661988,3.7203764161442034,1.4106819787799734,3.555044270112717,0.5246353351555372,-0.8986105754116869,1.6612452539705709,0.8065758349537706,-0.023288643851323426,-1.0598969160413823,-0.06887304407403394
347,-0.42087835786885025,3.2224127083846876,-1.036077476139701,-0.2798513233382808,-1.0857954094194435,0.32961702741157795,-1.4890564070948145,2.253372035966589,-0.6379617988442783,-0.25685789872607445,0.3920412507470835,-0.907166450651653,0.061731928948305495
463,0.25877858253946423,-0.4896385167169952,1.0483323807661988,-0.2798513233382808,1.3674903284651043,0.3253430513832636,0.7799947952235166,-0.4722519948691755,1.6612452539705709,0.8065758349537706,0.40728170886460674,-0.34620315253797446,-0.25389675585568094
136,-0.38527702903918293,-0.4896385167169952,1.614634413574325,-0.2798513233382808,0.5986789528604399,-0.4881370526725448,0.9113225175441914,-0.8690426149816008,-0.6379617988442783,1.268938327858051,0.2365666492316291,0.5973000028135309,-0.5586416929078056
190,-0.4124471423356547,1.4755650730427192,-1.1421657197528328,-0.2798513233382808,-1.0166887689156532,0.949343551517141,-1.7152319288693105,1.2762507712713813,-0.5230014462035358,-1.505236629567631,0.23031696496760878,-1.0870172790545118,1.5745728664570668
351,-0.4137566865098854,2.1306329362959575,-1.4036508272499888,-0.2798513233382808,-1.2412853505529713,0.4193705240061764,-1.1899210395866102,3.2872999127421076,-0.6379617988442783,-0.07191290156436134,0.15466289229788802,-1.031349165501246,0.17056940646692142
181,-0.41500063634265194,-0.4896385167169952,-1.2885973799512402,-0.2798513233382808,-0.5761339357039916,-0.20035600009938662,-0.23049906818834479,-0.5690846884320137,-0.7529221514850207,-0.30309414801650153,0.4410519326070325,-0.46610370480654695,1.4875028844421743
126,-0.3776973686174952,-0.4896385167169952,2.176453844539642,-0.2798513233382808,0.22723076015256793,-0.9568497571110052,5.184108838826404e-16,-0.9687275233769231,-0.8678825041257632,0.29797709275906326,0.0286824147652672,2.076073480792593,-0.7436654046894526
284,-0.4220075176040545,3.4407686628024337,-1.2123931486234973,-0.2798513233382808,-1.3363069812456823,1.1445217901434916,-1.7407678748761086,1.6696187335848254,-0.9828428567665056,-1.4590003802772022,0.41714963138674455,-0.6944857091276375,1.0521529743677107
34,-0.23415469427093863,-0.4896385167169952,-0.4398914310461855,-0.2798513233382808,-0.14421743255530314,-0.26873961655241435,1.0353542552914958,-0.016753286121450797,-0.6379617988442783,1.1764658292771952,-1.188142075797859,1.0883213121038757,-0.9831078552304076
412,1.7803154690896186,-0.4896385167169952,1.0483323807661988,-0.2798513233382808,0.3654440411601482,-2.3601385530741785,1.1484420161787436,-1.0653700692842625,1.6612452539705709,0.8065758349537706,-3.59503802253076,3.0909460124944386,-0.5042229541484977
377,0.7275836836387951,-0.4896385167169952,1.0483323807661988,-0.2798513233382808,1.004680465820207,0.7256721393686961,1.1046661087385186,-1.1584948835648712,1.6612452539705709,0.8065758349537706,0.4410519326070325,1.2167861895344891,-1.0048753507341308
424,0.6067764765747234,-0.4896385167169952,1.0483323807661988,-0.2798513233382808,0.25314575034148923,-1.0252333735640329,0.07593228389323013,-0.8231219561786055,1.6612452539705709,0.8065758349537706,-3.870681991649133,0.6344120785157084,-1.1790153147639164
232,-0.35568343909111605,-0.4896385167169952,-0.7297663502144612,-0.2798513233382808,-0.41200566450749,2.923920476598316,0.17442807563373655,0.020610728184092174,-0.17812038828130847,-0.4880391451782146,0.3205536342533769,-1.4624201986573044,2.086109010794562
133,-0.38443601587541043,-7.757561861074651e-17,-2.6542334805936147e-16,-0.2798513233382808,0.5986789528604399,-0.6590960938051142,0.9806343709912145,-0.6299319381916764,-0.6379617988442783,1.268938327858051,0.35103455048842336,0.3303785352632564,-0.4498042153891897
33,-0.2881646065015091,-0.4896385167169952,-0.4398914310461855,-0.2798513233382808,-0.14421743255530314,-0.8314797936137889,0.9660424018444727,-0.003728171719772962,-0.6379617988442783,1.1764658292771952,0.022980948419142923,0.8042711942295196,-1.026642846237854
482,0.24823780613168053,-0.4896385167169952,1.0483323807661988,0.0,-0.19604741293314576,1.1060560058886633,0.3094037902410972,-0.18275218937203042,1.6612452539705709,0.8065758349537706,0.42328967206718504,-0.8143862613962101,0.26852313623367563
44,-0.4086977229244628,-0.4896385167169952,-0.6236781066013294,-0.2798513233382808,-0.9216671382229419,-0.3072054008072427,-1.040353355832508,0.9154931318760063,-0.7529221514850207,-0.25685789872607445,0.3587096013389746,-0.4518298295364786,-0.145059278337065
61,-0.40295587539129746,0.6021412553717351,-0.8896458159412937,-0.2798513233382808,-0.878475487908073,-0.4539452444460309,0.9076745252575061,1.4372582985651137,-0.17812038828130847,0.5753945885016305,0.23470270831078072,0.2461626711698543,-0.7110141614338678
199,-0.419379058635384,3.65912461722018,-1.4365232407639168,-0.2798513233382808,-1.310391991056761,0.9835353597436549,-1.9414074506438068,1.8341439925052887,-0.7529221514850207,-0.6729841423399261,0.4410519326070325,-1.16409620551288,1.3460141636679732
271,-0.4040803498163971,0.383785300953989,-0.6162071035299821,-0.2798513233382808,-0.7834538572153615,-0.06358876719333108,-1.9049275277769526,0.3013637415282859,-0.7529221514850207,0.0667958463069231,0.4410519326070325,0.0,0.2902906317373987
289,-0.41803554596289505,1.8030990046693383,-0.8612560042701739,-0.2798513233382808,-1.2931153309308134,0.39942530254071096,-1.6641600368557148,1.6743248880584243,-0.40804109356279333,-0.8579291395016376,0.16496938915434328,-0.457539379644506,0.2467556407299525
218,-0.4101033159558375,-0.4896385167169952,0.4192739221587552,3.7203764161442034,-0.04055747179961793,-0.4753151245876029,0.9222664944042476,-0.43056212140103167,-0.5230014462035358,-0.950401638082495,0.4410519326070325,0.7428935305682266,-0.11240803508148016
73,-0.4001821718093848,-0.4896385167169952,-0.040939867036239135,-0.2798513233382808,-1.2240086904270238,-0.056465473812807504,-2.27337474873218,0.7093730733151489,-0.6379617988442783,0.34421334204949033,0.22472514220506432,0.0,0.09438317220388996
35,-0.4155523316074665,-0.4896385167169952,-0.7656271649569283,-0.2798513233382808,-0.4811123050112801,-0.500958980757488,-0.011619530987219621,-0.20666325705102287,-0.5230014462035358,0.34421334204949033,0.4410519326070325,0.0,-0.3953854766298817
444,1.0764998984545526,-0.4896385167169952,1.0483323807661988,-0.2798513233382808,1.6007252401653962,-0.6135070161697623,1.0244102784314393,-0.902936434574288,1.6612452539705709,0.8065758349537706,-1.2735544274061372,1.5807700089212273,-1.2769690445306705
29,-0.3056490124842835,-0.4896385167169952,-0.4398914310461855,-0.2798513233382808,-0.14421743255530314,0.554713098236128,0.6851469957696953,0.2110436051662864,-0.6379617988442783,1.1764658292771952,0.25827607878033165,-0.10497466047382233,-0.16682677384078812
365,0.11057285331132223,-0.4896385167169952,1.0483323807661988,-0.2798513233382808,1.4106819787799734,-3.8802493604779404,0.7070349494898082,-1.0371806793565437,1.6612452539705709,0.8065758349537706,-0.0216439900976341,-0.798684998599135,0.5406168300302154
345,-0.4194223977538513,-0.4896385167169952,-1.0002166613972339,-0.2798513233382808,-0.9734971186007845,-0.38556162799300314,-0.7302740114642473,2.0053719562820893,-0.7529221514850207,0.15926834488777883,0.3175932574967353,-0.31194585188981083,-0.5477579451559439
457,0.5374877680931106,-0.4896385167169952,1.0483323807661988,-0.2798513233382808,1.3674903284651043,-0.4966850047291736,0.4297875357017159,-0.4829002635771166,1.6612452539705709,0.8065758349537706,-3.8723266454028225,0.6030095529215586,-0.9831078552304076
217,-0.4148542204018838,-0.4896385167169952,0.4192739221587552,-0.2798513233382808,-0.04055747179961793,0.5091240206007762,0.604891165462616,-0.1777608134151831,-0.5230014462035358,-0.950401638082495,0.39587877617235884,-0.4318464041583833,0.6712218030525545
27,-0.31111676937633087,-0.4896385167169952,-0.4398914310461855,-0.2798513233382808,-0.14421743255530314,-0.33854789168154736,0.7398668800699766,0.3129627485137216,-0.6379617988442783,1.1764658292771952,-0.5514417859528353,0.6515407288397903,-0.8416191344562068
467,0.09492508888954408,-0.4896385167169952,1.0483323807661988,-0.2798513233382808,0.25314575034148923,-0.4012328734301555,0.9478024404110456,-0.596465950823862,1.6612452539705709,0.8065758349537706,-0.27831961925678655,1.2282052897505438,-0.37361798112615824
295,-0.4079211327746284,-0.4896385167169952,0.4237565240015635,-0.2798513233382808,-1.0166887689156532,0.5604117329405464,-1.3650246693475103,1.029344040606,-0.6379617988442783,-1.1353466352442065,0.4410519326070325,-0.9200129383947144,0.6603380553006931
156,-0.13648237717576725,-0.4896385167169952,1.2694740716780788,-0.2798513233382808,2.732346478414959,-1.4426583656627232,0.9295624789776185,-0.9786152014628685,-0.5230014462035358,-1.7364178760197713,-2.9389308183922,0.48881855076101316,-1.026642846237854
339,-0.4166299529315204,-0.4896385167169952,-0.8806806122556768,-0.2798513233382808,-0.3428990240036998,-0.42687672960004064,-0.8433617723514955,0.4835251954962758,-0.5230014462035358,0.8065758349537706,0.4410519326070325,-0.4247094665233492,-0.38450172887802
382,0.6530322005822105,-0.4896385167169952,1.0483323807661988,-0.2798513233382808,1.2551920376464454,-1.0665484751710717,1.1484420161787436,-1.0527727871074573,1.6612452539705709,0.8065758349537706,0.4410519326070325,1.5536496459080982,-1.2225503057713625
138,-0.393808978739627,-0.4896385167169952,1.614634413574325,-0.2798513233382808,0.5986789528604399,-0.609233040141448,5.184108838826404e-16,-1.0108452290699397,-0.6379617988442783,1.268938327858051,0.38776515098749076,1.2282052897505438,-1.0048753507341308
212,-0.3976286778023876,-0.4896385167169952,-0.07381228055016739,3.7203764161442034,-0.5674956056410178,-0.680465973946685,-0.5369304202699202,-0.06771285779516817,-0.6379617988442783,0.0667958463069231,0.375704356793767,0.47311728796393826,-0.014454305314725968
104,-0.40671700807775074,-0.4896385167169952,-0.3771350052468681,-0.2798513233382808,-0.299707373688831,-0.16758885054897793,0.7836427875102017,-0.6531774890764226,-0.5230014462035358,1.1302295799867665,0.39489198392014535,-0.05501609702858382,-0.2647805036075423
354,-0.41803086065279044,3.0040567539669416,-1.3707784137360604,-0.2798513233382808,-1.2240086904270238,-0.8856168233057682,-1.700639959722569,3.2280689180541855,-0.6379617988442783,1.6388283221814757,0.28645447976021293,-0.665937958587501,-0.47157171089291283
350,-0.41579362507785245,-7.757561861074651e-17,-1.469395654277845,-0.2798513233382808,-1.0857954094194435,0.2925759018328549,-0.8798416952183497,2.3754468307969123,-0.9828428567665056,0.5753945885016305,0.4410519326070325,0.0,0.039964433444582
355,-0.4105835602415571,-7.757561861074651e-17,-1.3707784137360604,-0.2798513233382808,-1.2240086904270238,-0.4966850047291736,5.184108838826404e-16,3.2280689180541855,-0.6379617988442783,1.6388283221814757,0.21233541726060293,-1.0199300652851915,-0.21036176484823435
215,-0.39987411267000855,-0.4896385167169952,-0.07381228055016739,-0.2798513233382808,-0.5674956056410178,-0.14621897040740597,5.184108838826404e-16,0.07147522603006008,-0.6379617988442783,0.0667958463069231,0.4051984807766,-0.4632489297525331,0.26852313623367563
439,0.6768816003420596,-0.4896385167169952,1.0483323807661988,-0.2798513233382808,1.6007252401653962,-0.9369045356455397,0.9259144866909332,-0.9402053750520813,1.6612452539705709,0.8065758349537706,0.4410519326070325,1.450877743963607,-1.0592940894934386
189,-0.41326472894890426,1.4755650730427192,-1.1421657197528328,-0.2798513233382808,-1.0166887689156532,1.282713681725651,-1.0804812709860476,0.36682207193379784,-0.5230014462035358,-1.505236629567631,0.4410519326070325,-1.0456230407713143,1.3460141636679732
214,-0.38915295182319853,-0.4896385167169952,-0.07381228055016739,-0.2798513233382808,-0.5674956056410178,-1.2432061510080594,-2.142047026411505,-0.09865938872762169,-0.6379617988442783,0.0667958463069231,-0.08490833782289284,2.4029452244771536,0.12703441545947483
204,-0.420715543342716,3.65912461722018,-1.255724966437312,-0.2798513233382808,-1.1972298672318047,2.49224889773858,-1.335840731054027,0.6288930781252201,-0.6379617988442783,-1.7364178760197713,0.37142825703417426,-1.4038973100500252,2.989460074199074
234,-0.37060380911915786,-0.4896385167169952,-0.7297663502144612,3.7203764161442034,-0.41200566450749,0.6287953493935742,-0.07363539986087185,-0.0680456161922914,-0.17812038828130847,-0.4880391451782146,0.0386599808709836,-0.665937958587501,0.7038730463081393
259,-0.346153518338396,0.383785300953989,-1.0629730871965513,-0.2798513233382808,0.7973605443088366,0.7940557558217239,1.1484420161787436,-0.8482214467044663,-0.5230014462035358,-2.5224341139570474,0.38655907156811825,-0.8300875241932849,0.823594271578617
67,-0.4162879252938859,0.056251369327369925,-0.7491909581999642,-0.2798513233382808,-1.2585620106789188,-0.5793152079432485,-1.7188799211559962,1.2849024895965833,-0.6379617988442783,0.20550459417820588,0.4334865253400605,-0.6588010209524671,-0.05798929632217219
24,-0.3351887213661477,-0.4896385167169952,-0.4398914310461855,-0.2798513233382808,-0.14421743255530314,-0.5137809088424299,0.9332104712643037,0.2873878888491134,-0.6379617988442783,1.1764658292771952,0.4128735316271512,0.5116567511931223,-0.7545491524413142
216,-0.4177274868235188,-0.4896385167169952,0.4192739221587552,3.7203764161442034,-0.04055747179961793,-0.5650686211822014,-0.4566745899628409,-0.3246498772881189,-0.5230014462035358,-0.950401638082495,0.39609806333951786,0.11341563115822044,0.0834994244520286
223,-0.3510672373105765,-0.4896385167169952,-0.7297663502144612,-0.2798513233382808,-0.41200566450749,0.47493221237426225,0.448027497135143,-0.24859081508854045,-0.17812038828130847,-0.4880391451782146,0.4410519326070325,-0.7301703973028079,0.823594271578617
129,-0.31984550210116736,-0.4896385167169952,1.614634413574325,-0.2798513233382808,0.5986789528604399,-0.9226579488844926,0.9550984249844165,-0.8628628161778851,-0.6379617988442783,1.268938327858051,0.4410519326070325,0.8028438067025127,-0.8960378732155148
111,-0.41125707356909086,-0.4896385167169952,-0.16047591617779622,-0.2798513233382808,-0.06647246198853923,0.6131241039564218,0.47721143542862626,-0.5312453049877234,-0.40804109356279333,-0.30309414801650153,0.42668862315814354,-0.3647591903890629,0.029080685692720636
166,-0.1876096523644936,-0.4896385167169952,1.2694740716780788,-0.2798513233382808,0.4345506816639384,2.3426597367475814,1.0098183092846977,-0.831488453020559,-0.5230014462035358,-1.7364178760197713,0.1384356419281513,-1.2868515328354662,2.989460074199074
422,0.9881700897079179,-0.4896385167169952,1.0483323807661988,-0.2798513233382808,0.5122956522307023,-0.9069867034473402,0.6960909726297514,-0.8765059104599344,1.6612452539705709,0.8065758349537706,-0.7140432204009444,0.19763149525162257,-0.18859426934451123
399,0.7384840575971056,-0.4896385167169952,1.0483323807661988,-0.2798513233382808,1.194723727205629,-0.6163563335219716,0.3385877285345804,-1.0908023182072466,1.6612452539705709,0.8065758349537706,-0.202994477337804,2.4628955006114395,-1.7667376933644423
40,-0.41913425118241954,2.7857007995491956,-1.2153815498520362,-0.2798513233382808,-1.0944337394824173,1.0533436348727878,-1.9231674892103796,0.7634700813045987,-0.7529221514850207,-0.07191290156436134,0.42701755390888174,-1.5323621874806383,1.3460141636679732
274,-0.416457767785177,1.2572091186249732,-0.6983881373148025,3.7203764161442034,-0.9303054682859156,0.674384427028926,-1.2993608081871728,0.13431902617246194,-0.6379617988442783,-0.39556664659735724,0.4410519326070325,-1.311117120794582,1.0739204698714333
361,0.02635089019888006,-0.4896385167169952,1.0483323807661988,-0.2798513233382808,1.8598751420546091,-0.04791752175617872,0.8237707026637411,-0.7128363159892168,1.6612452539705709,0.8065758349537706,-0.06604964144725271,0.2104779829946839,-0.28654799911126577
79,-0.4132448163809598,-0.4896385167169952,0.26088865704619213,-0.2798513233382808,-1.0166887689156532,-0.5850138426476681,-1.1643850935798121,0.33635091014009183,-0.5230014462035358,0.11303209559735014,0.43184187158637116,0.0,-0.2430130081038192
316,-0.3857888991681085,-0.4896385167169952,-0.17691212293476022,-0.2798513233382808,-0.09238745217746054,-0.5280274956034783,5.184108838826404e-16,0.09676486421142005,-0.6379617988442783,-0.025676652273934286,0.3730729107878636,0.8014164191755055,-0.515106701900359
